层,录波,注入候选接口,注入取值,注入边沿数,响应候选接口,响应取值,响应总边沿数,注入后窗口内边沿数,响应时刻_s,判读
net,present,env_1_Design/power/InPort/BMS_HVBusVolt_Curr.BMS_HVBusCurr,min=6.62387e-107; max=0.0409445; distinct=555,35,env_1_Design/VCU/OutPort/GW_ABS_1.VehicleSpeedVSOSig,"{0, 0.125, 0.875, 1.375, 1.6875, 1.75, 1.8125, 1.875}",7,7,"0.276, 1.276, 2.476, 2.876, 3.076, 3.276, 3.476",仅时间相邻；需重复工况验证因果
net,present,env_1_Design/power/InPort/BMS_HVBusVolt_Curr.BMS_HVBusCurr,min=6.62387e-107; max=0.0409445; distinct=555,35,env_1_Design/VCU/OutPort/GW_ABS_1.VehicleSpeedVSOSig.raw,"{0, 2, 14, 22, 27, 28, 29, 30}",7,7,"0.276, 1.276, 2.476, 2.876, 3.076, 3.276, 3.476",仅时间相邻；需重复工况验证因果
net,present,env_1_Design/power/InPort/BMS_HVBusVolt_Curr.BMS_HVBusCurr,min=6.62387e-107; max=0.0409445; distinct=555,35,env_1_Design/VCU/OutPort/GW_ABS_G.VehicleSpeedVSOSig,"{0, 0.125, 0.875, 1.375, 1.6875, 1.75, 1.8125, 1.875}",7,7,"0.276, 1.276, 2.476, 2.876, 3.076, 3.276, 3.476",仅时间相邻；需重复工况验证因果
net,present,env_1_Design/power/InPort/BMS_HVBusVolt_Curr.BMS_HVBusCurr,min=6.62387e-107; max=0.0409445; distinct=555,35,env_1_Design/VCU/OutPort/GW_ABS_G.VehicleSpeedVSOSig.raw,"{0, 2, 14, 22, 27, 28, 29, 30}",7,7,"0.276, 1.276, 2.476, 2.876, 3.076, 3.276, 3.476",仅时间相邻；需重复工况验证因果
net,present,env_1_Design/power/InPort/BMS_HVBusVolt_Curr.BMS_HVBusCurr,min=6.62387e-107; max=0.0409445; distinct=555,35,env_1_Design/VCU/OutPort/GW_MCU_1.MCU_MotorSpeed,min=0; max=150; distinct=17,17,17,"0.337, 0.537, 0.737, 0.937, 1.137, 1.537, 1.737, 1.937, 2.137, 2.537 …",仅时间相邻；需重复工况验证因果
net,present,env_1_Design/power/InPort/BMS_HVBusVolt_Curr.BMS_HVBusCurr,min=6.62387e-107; max=0.0409445; distinct=555,35,env_1_Design/VCU/OutPort/GW_MCU_1.MCU_SpeedVechile,"{0, 0.5, 1, 1.5, 1.7, 1.8}",5,5,"2.137, 2.937, 3.137, 3.337, 3.537",仅时间相邻；需重复工况验证因果
net,present,env_1_Design/power/InPort/BMS_HVBusVolt_Curr.BMS_HVBusCurr,min=6.62387e-107; max=0.0409445; distinct=555,35,env_1_Design/VCU/OutPort/GW_MCU_1.MCU_MotorSpeed.raw,min=20000; max=20150; distinct=17,17,17,"0.337, 0.537, 0.737, 0.937, 1.137, 1.537, 1.737, 1.937, 2.137, 2.537 …",仅时间相邻；需重复工况验证因果
net,present,env_1_Design/power/InPort/BMS_HVBusVolt_Curr.BMS_HVBusCurr,min=6.62387e-107; max=0.0409445; distinct=555,35,env_1_Design/VCU/OutPort/GW_MCU_1.MCU_SpeedVechile.raw,"{2000, 2005, 2010, 2015, 2017, 2018}",5,5,"2.137, 2.937, 3.137, 3.337, 3.537",仅时间相邻；需重复工况验证因果
net,present,env_1_Design/power/InPort/BMS_HVBusVolt_Curr.BMS_HVBusCurr,min=6.62387e-107; max=0.0409445; distinct=555,35,env_1_Design/VCU/OutPort/GW_VCU_1.VCU_bBrakeSt,"{Braking, Not braking}",2,1,2.737,仅时间相邻；需重复工况验证因果
net,present,env_1_Design/power/InPort/BMS_HVBusVolt_Curr.BMS_HVBusCurr,min=6.62387e-107; max=0.0409445; distinct=555,35,env_1_Design/VCU/OutPort/GW_VCU_1.VCU_bReadyLightSts,"{Lamp OFF/Startup/Default, Lamp ON}",2,1,3.737,仅时间相邻；需重复工况验证因果
net,present,env_1_Design/power/InPort/BMS_HVBusVolt_Curr.BMS_HVBusCurr,min=6.62387e-107; max=0.0409445; distinct=555,35,env_1_Design/VCU/OutPort/GW_VCU_1.VCU_VehicleSpeedVSOSig,"{0, 0.5, 1, 1.5, 1.6875, 1.75, 1.8125, 1.875}",7,7,"0.337, 1.537, 2.737, 2.937, 3.137, 3.337, 3.537",仅时间相邻；需重复工况验证因果
net,present,env_1_Design/power/InPort/BMS_HVBusVolt_Curr.BMS_HVBusCurr,min=6.62387e-107; max=0.0409445; distinct=555,35,env_1_Design/VCU/OutPort/GW_VCU_1.VCU_bBrakeSt.raw,"{0, 1}",2,1,2.737,仅时间相邻；需重复工况验证因果
net,present,env_1_Design/power/InPort/BMS_HVBusVolt_Curr.BMS_HVBusCurr,min=6.62387e-107; max=0.0409445; distinct=555,35,env_1_Design/VCU/OutPort/GW_VCU_1.VCU_bReadyLightSts.raw,"{0, 1}",2,1,3.737,仅时间相邻；需重复工况验证因果
net,present,env_1_Design/power/InPort/BMS_HVBusVolt_Curr.BMS_HVBusCurr,min=6.62387e-107; max=0.0409445; distinct=555,35,env_1_Design/VCU/OutPort/GW_VCU_1.VCU_VehicleSpeedVSOSig.raw,"{0, 8, 16, 24, 27, 28, 29, 30}",7,7,"0.337, 1.537, 2.737, 2.937, 3.137, 3.337, 3.537",仅时间相邻；需重复工况验证因果
net,present,env_1_Design/power/InPort/BMS_HVBusVolt_Curr.BMS_HVBusCurr,min=6.62387e-107; max=0.0409445; distinct=555,35,env_1_Design/VCU/OutPort/GW_VCU_2.VCU_DCDCstCtrlReq,"{Disabled/Startup, Enabled}",2,1,6.737,仅时间相邻；需重复工况验证因果
net,present,env_1_Design/power/InPort/BMS_HVBusVolt_Curr.BMS_HVBusCurr,min=6.62387e-107; max=0.0409445; distinct=555,35,env_1_Design/VCU/OutPort/GW_VCU_2.VCU_DCDCTarVolt,"{0, 13.5}",2,1,6.737,仅时间相邻；需重复工况验证因果
net,present,env_1_Design/power/InPort/BMS_HVBusVolt_Curr.BMS_HVBusCurr,min=6.62387e-107; max=0.0409445; distinct=555,35,env_1_Design/VCU/OutPort/GW_VCU_2.VCU_DCDCstCtrlReq.raw,"{0, 1}",2,1,6.737,仅时间相邻；需重复工况验证因果
net,present,env_1_Design/power/InPort/BMS_HVBusVolt_Curr.BMS_HVBusCurr,min=6.62387e-107; max=0.0409445; distinct=555,35,env_1_Design/VCU/OutPort/GW_VCU_2.VCU_DCDCTarVolt.raw,"{0, 135}",2,1,6.737,仅时间相邻；需重复工况验证因果
net,present,env_1_Design/power/InPort/BMS_HVBusVolt_Curr.BMS_HVBusCurr,min=6.62387e-107; max=0.0409445; distinct=555,35,env_1_Design/VCU/OutPort/GW_BMS_1.BMS_BattDisconnectWLS,"{Lamp OFF/Startup/Default, Lamp ON}",2,1,3.599,仅时间相邻；需重复工况验证因果
net,present,env_1_Design/power/InPort/BMS_HVBusVolt_Curr.BMS_HVBusCurr,min=6.62387e-107; max=0.0409445; distinct=555,35,env_1_Design/VCU/OutPort/GW_BMS_1.BMS_BattDisconnectWLS.raw,"{0, 1}",2,1,3.599,仅时间相邻；需重复工况验证因果
net,present,env_1_Design/power/InPort/BMS_HVBusVolt_Curr.BMS_HVBusCurr,min=6.62387e-107; max=0.0409445; distinct=555,35,env_1_Design/power/OutPort/VCU_BMS_Ctrl.VCU_BMS_target_state,"{HV_OK, LV_will_Poweroff, Precharge, Standby}",4,2,"2.908, 3.508",仅时间相邻；需重复工况验证因果
net,present,env_1_Design/power/InPort/BMS_HVBusVolt_Curr.BMS_HVBusCurr,min=6.62387e-107; max=0.0409445; distinct=555,35,env_1_Design/power/OutPort/VCU_BMS_Ctrl.VCU_charge_relay_control,"{All_Open, Inactive}",1,1,2.908,仅时间相邻；需重复工况验证因果
net,present,env_1_Design/power/InPort/BMS_HVBusVolt_Curr.BMS_HVBusCurr,min=6.62387e-107; max=0.0409445; distinct=555,35,env_1_Design/power/OutPort/VCU_BMS_Ctrl.VCU_Discharge_relay_control,"{All_Open, Main_Negtive_Relay_Close, Main_Negtive_Relay_Close__Prech, _Main_Negtive_Relay_Close_Main_}",5,3,"2.908, 3.108, 3.508",仅时间相邻；需重复工况验证因果
net,present,env_1_Design/power/InPort/BMS_HVBusVolt_Curr.BMS_HVBusCurr,min=6.62387e-107; max=0.0409445; distinct=555,35,env_1_Design/power/OutPort/VCU_BMS_Ctrl.VCU_BMS_target_state.raw,"{2, 3, 4, 7}",4,2,"2.908, 3.508",仅时间相邻；需重复工况验证因果
net,present,env_1_Design/power/InPort/BMS_HVBusVolt_Curr.BMS_HVBusCurr,min=6.62387e-107; max=0.0409445; distinct=555,35,env_1_Design/power/OutPort/VCU_BMS_Ctrl.VCU_charge_relay_control.raw,"{0, 7}",1,1,2.908,仅时间相邻；需重复工况验证因果
net,present,env_1_Design/power/InPort/BMS_HVBusVolt_Curr.BMS_HVBusCurr,min=6.62387e-107; max=0.0409445; distinct=555,35,env_1_Design/power/OutPort/VCU_BMS_Ctrl.VCU_Discharge_relay_control.raw,"{0, 1, 2, 4}",5,3,"2.908, 3.108, 3.508",仅时间相邻；需重复工况验证因果
net,present,env_1_Design/power/InPort/BMS_HVBusVolt_Curr.BMS_HVBusCurr,min=6.62387e-107; max=0.0409445; distinct=555,35,env_1_Design/power/OutPort/VCU_Geaeral_CAN1.VCU_BMSVCC_state,"{relay_closed, relay_open}",1,1,2.908,仅时间相邻；需重复工况验证因果
net,present,env_1_Design/power/InPort/BMS_HVBusVolt_Curr.BMS_HVBusCurr,min=6.62387e-107; max=0.0409445; distinct=555,35,env_1_Design/power/OutPort/VCU_Geaeral_CAN1.VCU_BrakePedal_position,"{0, 100}",2,1,2.708,仅时间相邻；需重复工况验证因果
net,present,env_1_Design/power/InPort/BMS_HVBusVolt_Curr.BMS_HVBusCurr,min=6.62387e-107; max=0.0409445; distinct=555,35,env_1_Design/power/OutPort/VCU_Geaeral_CAN1.VCU_Key_Position,"{OFF, ON}",1,1,2.908,仅时间相邻；需重复工况验证因果
net,present,env_1_Design/power/InPort/BMS_HVBusVolt_Curr.BMS_HVBusCurr,min=6.62387e-107; max=0.0409445; distinct=555,35,env_1_Design/power/OutPort/VCU_Geaeral_CAN1.VCU_MCVCC_state,"{relay_closed, relay_open}",1,1,2.908,仅时间相邻；需重复工况验证因果
net,present,env_1_Design/power/InPort/BMS_HVBusVolt_Curr.BMS_HVBusCurr,min=6.62387e-107; max=0.0409445; distinct=555,35,env_1_Design/power/OutPort/VCU_Geaeral_CAN1.VCU_OBCVCC_state,"{relay_closed, relay_open}",1,1,2.908,仅时间相邻；需重复工况验证因果
net,present,env_1_Design/power/InPort/BMS_HVBusVolt_Curr.BMS_HVBusCurr,min=6.62387e-107; max=0.0409445; distinct=555,35,env_1_Design/power/OutPort/VCU_Geaeral_CAN1.VCU_Vehicle_status,"{HV_OK, LV_will_Poweroff, Precharge, Standby}",4,2,"2.908, 3.508",仅时间相邻；需重复工况验证因果
net,present,env_1_Design/power/InPort/BMS_HVBusVolt_Curr.BMS_HVBusCurr,min=6.62387e-107; max=0.0409445; distinct=555,35,env_1_Design/power/OutPort/VCU_Geaeral_CAN1.VCU_BMSVCC_state.raw,"{0, 1}",1,1,2.908,仅时间相邻；需重复工况验证因果
net,present,env_1_Design/power/InPort/BMS_HVBusVolt_Curr.BMS_HVBusCurr,min=6.62387e-107; max=0.0409445; distinct=555,35,env_1_Design/power/OutPort/VCU_Geaeral_CAN1.VCU_BrakePedal_position.raw,"{0, 100}",2,1,2.708,仅时间相邻；需重复工况验证因果
net,present,env_1_Design/power/InPort/BMS_HVBusVolt_Curr.BMS_HVBusCurr,min=6.62387e-107; max=0.0409445; distinct=555,35,env_1_Design/power/OutPort/VCU_Geaeral_CAN1.VCU_Key_Position.raw,"{0, 2}",1,1,2.908,仅时间相邻；需重复工况验证因果
net,present,env_1_Design/power/InPort/BMS_HVBusVolt_Curr.BMS_HVBusCurr,min=6.62387e-107; max=0.0409445; distinct=555,35,env_1_Design/power/OutPort/VCU_Geaeral_CAN1.VCU_MCVCC_state.raw,"{0, 1}",1,1,2.908,仅时间相邻；需重复工况验证因果
net,present,env_1_Design/power/InPort/BMS_HVBusVolt_Curr.BMS_HVBusCurr,min=6.62387e-107; max=0.0409445; distinct=555,35,env_1_Design/power/OutPort/VCU_Geaeral_CAN1.VCU_OBCVCC_state.raw,"{0, 1}",1,1,2.908,仅时间相邻；需重复工况验证因果
net,present,env_1_Design/power/InPort/BMS_HVBusVolt_Curr.BMS_HVBusCurr,min=6.62387e-107; max=0.0409445; distinct=555,35,env_1_Design/power/OutPort/VCU_Geaeral_CAN1.VCU_Vehicle_status.raw,"{2, 3, 4, 7}",4,2,"2.908, 3.508",仅时间相邻；需重复工况验证因果
net,present,env_1_Design/power/InPort/BMS_HVBusVolt_Curr.BMS_HVBusCurr,min=6.62387e-107; max=0.0409445; distinct=555,35,env_1_Design/power/OutPort/VCU_MC_TrqCtrl.VCU_MC_target_state,"{HV_OK, LV_will_Poweroff, Precharge, Standby}",4,2,"2.908, 3.508",仅时间相邻；需重复工况验证因果
net,present,env_1_Design/power/InPort/BMS_HVBusVolt_Curr.BMS_HVBusCurr,min=6.62387e-107; max=0.0409445; distinct=555,35,env_1_Design/power/OutPort/VCU_MC_TrqCtrl.VCU_MC_target_state.raw,"{2, 3, 4, 7}",4,2,"2.908, 3.508",仅时间相邻；需重复工况验证因果
net,present,env_1_Design/power/InPort/BMS_HVBusVolt_Curr.BMS_HVBusVolt,min=397.814; max=397.816; distinct=79,5,env_1_Design/VCU/OutPort/GW_ABS_1.VehicleSpeedVSOSig,"{0, 0.125, 0.875, 1.375, 1.6875, 1.75, 1.8125, 1.875}",7,4,"2.876, 3.076, 3.276, 3.476",仅时间相邻；需重复工况验证因果
net,present,env_1_Design/power/InPort/BMS_HVBusVolt_Curr.BMS_HVBusVolt,min=397.814; max=397.816; distinct=79,5,env_1_Design/VCU/OutPort/GW_ABS_1.VehicleSpeedVSOSig.raw,"{0, 2, 14, 22, 27, 28, 29, 30}",7,4,"2.876, 3.076, 3.276, 3.476",仅时间相邻；需重复工况验证因果
net,present,env_1_Design/power/InPort/BMS_HVBusVolt_Curr.BMS_HVBusVolt,min=397.814; max=397.816; distinct=79,5,env_1_Design/VCU/OutPort/GW_ABS_G.VehicleSpeedVSOSig,"{0, 0.125, 0.875, 1.375, 1.6875, 1.75, 1.8125, 1.875}",7,4,"2.876, 3.076, 3.276, 3.476",仅时间相邻；需重复工况验证因果
net,present,env_1_Design/power/InPort/BMS_HVBusVolt_Curr.BMS_HVBusVolt,min=397.814; max=397.816; distinct=79,5,env_1_Design/VCU/OutPort/GW_ABS_G.VehicleSpeedVSOSig.raw,"{0, 2, 14, 22, 27, 28, 29, 30}",7,4,"2.876, 3.076, 3.276, 3.476",仅时间相邻；需重复工况验证因果
net,present,env_1_Design/power/InPort/BMS_HVBusVolt_Curr.BMS_HVBusVolt,min=397.814; max=397.816; distinct=79,5,env_1_Design/VCU/OutPort/GW_MCU_1.MCU_SpeedVechile,"{0, 0.5, 1, 1.5, 1.7, 1.8}",5,4,"2.937, 3.137, 3.337, 3.537",仅时间相邻；需重复工况验证因果
net,present,env_1_Design/power/InPort/BMS_HVBusVolt_Curr.BMS_HVBusVolt,min=397.814; max=397.816; distinct=79,5,env_1_Design/VCU/OutPort/GW_MCU_1.MCU_SpeedVechile.raw,"{2000, 2005, 2010, 2015, 2017, 2018}",5,4,"2.937, 3.137, 3.337, 3.537",仅时间相邻；需重复工况验证因果
net,present,env_1_Design/power/InPort/BMS_HVBusVolt_Curr.BMS_HVBusVolt,min=397.814; max=397.816; distinct=79,5,env_1_Design/VCU/OutPort/GW_VCU_1.VCU_bBrakeSt,"{Braking, Not braking}",2,1,2.737,仅时间相邻；需重复工况验证因果
net,present,env_1_Design/power/InPort/BMS_HVBusVolt_Curr.BMS_HVBusVolt,min=397.814; max=397.816; distinct=79,5,env_1_Design/VCU/OutPort/GW_VCU_1.VCU_bReadyLightSts,"{Lamp OFF/Startup/Default, Lamp ON}",2,1,3.737,仅时间相邻；需重复工况验证因果
net,present,env_1_Design/power/InPort/BMS_HVBusVolt_Curr.BMS_HVBusVolt,min=397.814; max=397.816; distinct=79,5,env_1_Design/VCU/OutPort/GW_VCU_1.VCU_VehicleSpeedVSOSig,"{0, 0.5, 1, 1.5, 1.6875, 1.75, 1.8125, 1.875}",7,5,"2.737, 2.937, 3.137, 3.337, 3.537",仅时间相邻；需重复工况验证因果
net,present,env_1_Design/power/InPort/BMS_HVBusVolt_Curr.BMS_HVBusVolt,min=397.814; max=397.816; distinct=79,5,env_1_Design/VCU/OutPort/GW_VCU_1.VCU_bBrakeSt.raw,"{0, 1}",2,1,2.737,仅时间相邻；需重复工况验证因果
net,present,env_1_Design/power/InPort/BMS_HVBusVolt_Curr.BMS_HVBusVolt,min=397.814; max=397.816; distinct=79,5,env_1_Design/VCU/OutPort/GW_VCU_1.VCU_bReadyLightSts.raw,"{0, 1}",2,1,3.737,仅时间相邻；需重复工况验证因果
net,present,env_1_Design/power/InPort/BMS_HVBusVolt_Curr.BMS_HVBusVolt,min=397.814; max=397.816; distinct=79,5,env_1_Design/VCU/OutPort/GW_VCU_1.VCU_VehicleSpeedVSOSig.raw,"{0, 8, 16, 24, 27, 28, 29, 30}",7,5,"2.737, 2.937, 3.137, 3.337, 3.537",仅时间相邻；需重复工况验证因果
net,present,env_1_Design/power/InPort/BMS_HVBusVolt_Curr.BMS_HVBusVolt,min=397.814; max=397.816; distinct=79,5,env_1_Design/VCU/OutPort/GW_BMS_1.BMS_BattDisconnectWLS,"{Lamp OFF/Startup/Default, Lamp ON}",2,1,3.599,仅时间相邻；需重复工况验证因果
net,present,env_1_Design/power/InPort/BMS_HVBusVolt_Curr.BMS_HVBusVolt,min=397.814; max=397.816; distinct=79,5,env_1_Design/VCU/OutPort/GW_BMS_1.BMS_BattDisconnectWLS.raw,"{0, 1}",2,1,3.599,仅时间相邻；需重复工况验证因果
net,present,env_1_Design/power/InPort/BMS_HVBusVolt_Curr.BMS_HVBusVolt,min=397.814; max=397.816; distinct=79,5,env_1_Design/power/OutPort/VCU_BMS_Ctrl.VCU_BMS_target_state,"{HV_OK, LV_will_Poweroff, Precharge, Standby}",4,2,"2.908, 3.508",仅时间相邻；需重复工况验证因果
net,present,env_1_Design/power/InPort/BMS_HVBusVolt_Curr.BMS_HVBusVolt,min=397.814; max=397.816; distinct=79,5,env_1_Design/power/OutPort/VCU_BMS_Ctrl.VCU_charge_relay_control,"{All_Open, Inactive}",1,1,2.908,仅时间相邻；需重复工况验证因果
net,present,env_1_Design/power/InPort/BMS_HVBusVolt_Curr.BMS_HVBusVolt,min=397.814; max=397.816; distinct=79,5,env_1_Design/power/OutPort/VCU_BMS_Ctrl.VCU_Discharge_relay_control,"{All_Open, Main_Negtive_Relay_Close, Main_Negtive_Relay_Close__Prech, _Main_Negtive_Relay_Close_Main_}",5,3,"2.908, 3.108, 3.508",仅时间相邻；需重复工况验证因果
net,present,env_1_Design/power/InPort/BMS_HVBusVolt_Curr.BMS_HVBusVolt,min=397.814; max=397.816; distinct=79,5,env_1_Design/power/OutPort/VCU_BMS_Ctrl.VCU_BMS_target_state.raw,"{2, 3, 4, 7}",4,2,"2.908, 3.508",仅时间相邻；需重复工况验证因果
net,present,env_1_Design/power/InPort/BMS_HVBusVolt_Curr.BMS_HVBusVolt,min=397.814; max=397.816; distinct=79,5,env_1_Design/power/OutPort/VCU_BMS_Ctrl.VCU_charge_relay_control.raw,"{0, 7}",1,1,2.908,仅时间相邻；需重复工况验证因果
net,present,env_1_Design/power/InPort/BMS_HVBusVolt_Curr.BMS_HVBusVolt,min=397.814; max=397.816; distinct=79,5,env_1_Design/power/OutPort/VCU_BMS_Ctrl.VCU_Discharge_relay_control.raw,"{0, 1, 2, 4}",5,3,"2.908, 3.108, 3.508",仅时间相邻；需重复工况验证因果
net,present,env_1_Design/power/InPort/BMS_HVBusVolt_Curr.BMS_HVBusVolt,min=397.814; max=397.816; distinct=79,5,env_1_Design/power/OutPort/VCU_Geaeral_CAN1.VCU_BMSVCC_state,"{relay_closed, relay_open}",1,1,2.908,仅时间相邻；需重复工况验证因果
net,present,env_1_Design/power/InPort/BMS_HVBusVolt_Curr.BMS_HVBusVolt,min=397.814; max=397.816; distinct=79,5,env_1_Design/power/OutPort/VCU_Geaeral_CAN1.VCU_BrakePedal_position,"{0, 100}",2,1,2.708,仅时间相邻；需重复工况验证因果
net,present,env_1_Design/power/InPort/BMS_HVBusVolt_Curr.BMS_HVBusVolt,min=397.814; max=397.816; distinct=79,5,env_1_Design/power/OutPort/VCU_Geaeral_CAN1.VCU_Key_Position,"{OFF, ON}",1,1,2.908,仅时间相邻；需重复工况验证因果
net,present,env_1_Design/power/InPort/BMS_HVBusVolt_Curr.BMS_HVBusVolt,min=397.814; max=397.816; distinct=79,5,env_1_Design/power/OutPort/VCU_Geaeral_CAN1.VCU_MCVCC_state,"{relay_closed, relay_open}",1,1,2.908,仅时间相邻；需重复工况验证因果
net,present,env_1_Design/power/InPort/BMS_HVBusVolt_Curr.BMS_HVBusVolt,min=397.814; max=397.816; distinct=79,5,env_1_Design/power/OutPort/VCU_Geaeral_CAN1.VCU_OBCVCC_state,"{relay_closed, relay_open}",1,1,2.908,仅时间相邻；需重复工况验证因果
net,present,env_1_Design/power/InPort/BMS_HVBusVolt_Curr.BMS_HVBusVolt,min=397.814; max=397.816; distinct=79,5,env_1_Design/power/OutPort/VCU_Geaeral_CAN1.VCU_Vehicle_status,"{HV_OK, LV_will_Poweroff, Precharge, Standby}",4,2,"2.908, 3.508",仅时间相邻；需重复工况验证因果
net,present,env_1_Design/power/InPort/BMS_HVBusVolt_Curr.BMS_HVBusVolt,min=397.814; max=397.816; distinct=79,5,env_1_Design/power/OutPort/VCU_Geaeral_CAN1.VCU_BMSVCC_state.raw,"{0, 1}",1,1,2.908,仅时间相邻；需重复工况验证因果
net,present,env_1_Design/power/InPort/BMS_HVBusVolt_Curr.BMS_HVBusVolt,min=397.814; max=397.816; distinct=79,5,env_1_Design/power/OutPort/VCU_Geaeral_CAN1.VCU_BrakePedal_position.raw,"{0, 100}",2,1,2.708,仅时间相邻；需重复工况验证因果
net,present,env_1_Design/power/InPort/BMS_HVBusVolt_Curr.BMS_HVBusVolt,min=397.814; max=397.816; distinct=79,5,env_1_Design/power/OutPort/VCU_Geaeral_CAN1.VCU_Key_Position.raw,"{0, 2}",1,1,2.908,仅时间相邻；需重复工况验证因果
net,present,env_1_Design/power/InPort/BMS_HVBusVolt_Curr.BMS_HVBusVolt,min=397.814; max=397.816; distinct=79,5,env_1_Design/power/OutPort/VCU_Geaeral_CAN1.VCU_MCVCC_state.raw,"{0, 1}",1,1,2.908,仅时间相邻；需重复工况验证因果
net,present,env_1_Design/power/InPort/BMS_HVBusVolt_Curr.BMS_HVBusVolt,min=397.814; max=397.816; distinct=79,5,env_1_Design/power/OutPort/VCU_Geaeral_CAN1.VCU_OBCVCC_state.raw,"{0, 1}",1,1,2.908,仅时间相邻；需重复工况验证因果
net,present,env_1_Design/power/InPort/BMS_HVBusVolt_Curr.BMS_HVBusVolt,min=397.814; max=397.816; distinct=79,5,env_1_Design/power/OutPort/VCU_Geaeral_CAN1.VCU_Vehicle_status.raw,"{2, 3, 4, 7}",4,2,"2.908, 3.508",仅时间相邻；需重复工况验证因果
net,present,env_1_Design/power/InPort/BMS_HVBusVolt_Curr.BMS_HVBusVolt,min=397.814; max=397.816; distinct=79,5,env_1_Design/power/OutPort/VCU_MC_TrqCtrl.VCU_MC_target_state,"{HV_OK, LV_will_Poweroff, Precharge, Standby}",4,2,"2.908, 3.508",仅时间相邻；需重复工况验证因果
net,present,env_1_Design/power/InPort/BMS_HVBusVolt_Curr.BMS_HVBusVolt,min=397.814; max=397.816; distinct=79,5,env_1_Design/power/OutPort/VCU_MC_TrqCtrl.VCU_MC_target_state.raw,"{2, 3, 4, 7}",4,2,"2.908, 3.508",仅时间相邻；需重复工况验证因果
net,present,env_1_Design/power/InPort/MC_motor_Torque_AND_speed.MC_busbar_current,min=6.82918e-109; max=0.020941; distinct=552,29,env_1_Design/VCU/OutPort/GW_ABS_1.VehicleSpeedVSOSig,"{0, 0.125, 0.875, 1.375, 1.6875, 1.75, 1.8125, 1.875}",7,6,"0.506, 1.706, 2.106, 2.306, 2.506, 2.706",仅时间相邻；需重复工况验证因果
net,present,env_1_Design/power/InPort/MC_motor_Torque_AND_speed.MC_busbar_current,min=6.82918e-109; max=0.020941; distinct=552,29,env_1_Design/VCU/OutPort/GW_ABS_1.VehicleSpeedVSOSig.raw,"{0, 2, 14, 22, 27, 28, 29, 30}",7,6,"0.506, 1.706, 2.106, 2.306, 2.506, 2.706",仅时间相邻；需重复工况验证因果
net,present,env_1_Design/power/InPort/MC_motor_Torque_AND_speed.MC_busbar_current,min=6.82918e-109; max=0.020941; distinct=552,29,env_1_Design/VCU/OutPort/GW_ABS_G.VehicleSpeedVSOSig,"{0, 0.125, 0.875, 1.375, 1.6875, 1.75, 1.8125, 1.875}",7,6,"0.506, 1.706, 2.106, 2.306, 2.506, 2.706",仅时间相邻；需重复工况验证因果
net,present,env_1_Design/power/InPort/MC_motor_Torque_AND_speed.MC_busbar_current,min=6.82918e-109; max=0.020941; distinct=552,29,env_1_Design/VCU/OutPort/GW_ABS_G.VehicleSpeedVSOSig.raw,"{0, 2, 14, 22, 27, 28, 29, 30}",7,6,"0.506, 1.706, 2.106, 2.306, 2.506, 2.706",仅时间相邻；需重复工况验证因果
net,present,env_1_Design/power/InPort/MC_motor_Torque_AND_speed.MC_busbar_current,min=6.82918e-109; max=0.020941; distinct=552,29,env_1_Design/VCU/OutPort/GW_MCU_1.MCU_MotorSpeed,min=0; max=150; distinct=17,17,13,"0.368, 0.768, 0.968, 1.168, 1.368, 1.768, 1.968, 2.168, 2.368, 2.568 …",仅时间相邻；需重复工况验证因果
net,present,env_1_Design/power/InPort/MC_motor_Torque_AND_speed.MC_busbar_current,min=6.82918e-109; max=0.020941; distinct=552,29,env_1_Design/VCU/OutPort/GW_MCU_1.MCU_SpeedVechile,"{0, 0.5, 1, 1.5, 1.7, 1.8}",5,5,"1.368, 2.168, 2.368, 2.568, 2.768",仅时间相邻；需重复工况验证因果
net,present,env_1_Design/power/InPort/MC_motor_Torque_AND_speed.MC_busbar_current,min=6.82918e-109; max=0.020941; distinct=552,29,env_1_Design/VCU/OutPort/GW_MCU_1.MCU_MotorSpeed.raw,min=20000; max=20150; distinct=17,17,13,"0.368, 0.768, 0.968, 1.168, 1.368, 1.768, 1.968, 2.168, 2.368, 2.568 …",仅时间相邻；需重复工况验证因果
net,present,env_1_Design/power/InPort/MC_motor_Torque_AND_speed.MC_busbar_current,min=6.82918e-109; max=0.020941; distinct=552,29,env_1_Design/VCU/OutPort/GW_MCU_1.MCU_SpeedVechile.raw,"{2000, 2005, 2010, 2015, 2017, 2018}",5,5,"1.368, 2.168, 2.368, 2.568, 2.768",仅时间相邻；需重复工况验证因果
net,present,env_1_Design/power/InPort/MC_motor_Torque_AND_speed.MC_busbar_current,min=6.82918e-109; max=0.020941; distinct=552,29,env_1_Design/VCU/OutPort/GW_VCU_1.VCU_bBrakeSt,"{Braking, Not braking}",2,1,1.968,仅时间相邻；需重复工况验证因果
net,present,env_1_Design/power/InPort/MC_motor_Torque_AND_speed.MC_busbar_current,min=6.82918e-109; max=0.020941; distinct=552,29,env_1_Design/VCU/OutPort/GW_VCU_1.VCU_bReadyLightSts,"{Lamp OFF/Startup/Default, Lamp ON}",2,1,2.968,仅时间相邻；需重复工况验证因果
net,present,env_1_Design/power/InPort/MC_motor_Torque_AND_speed.MC_busbar_current,min=6.82918e-109; max=0.020941; distinct=552,29,env_1_Design/VCU/OutPort/GW_VCU_1.VCU_VehicleSpeedVSOSig,"{0, 0.5, 1, 1.5, 1.6875, 1.75, 1.8125, 1.875}",7,6,"0.768, 1.968, 2.168, 2.368, 2.568, 2.768",仅时间相邻；需重复工况验证因果
net,present,env_1_Design/power/InPort/MC_motor_Torque_AND_speed.MC_busbar_current,min=6.82918e-109; max=0.020941; distinct=552,29,env_1_Design/VCU/OutPort/GW_VCU_1.VCU_bBrakeSt.raw,"{0, 1}",2,1,1.968,仅时间相邻；需重复工况验证因果
net,present,env_1_Design/power/InPort/MC_motor_Torque_AND_speed.MC_busbar_current,min=6.82918e-109; max=0.020941; distinct=552,29,env_1_Design/VCU/OutPort/GW_VCU_1.VCU_bReadyLightSts.raw,"{0, 1}",2,1,2.968,仅时间相邻；需重复工况验证因果
net,present,env_1_Design/power/InPort/MC_motor_Torque_AND_speed.MC_busbar_current,min=6.82918e-109; max=0.020941; distinct=552,29,env_1_Design/VCU/OutPort/GW_VCU_1.VCU_VehicleSpeedVSOSig.raw,"{0, 8, 16, 24, 27, 28, 29, 30}",7,6,"0.768, 1.968, 2.168, 2.368, 2.568, 2.768",仅时间相邻；需重复工况验证因果
net,present,env_1_Design/power/InPort/MC_motor_Torque_AND_speed.MC_busbar_current,min=6.82918e-109; max=0.020941; distinct=552,29,env_1_Design/VCU/OutPort/GW_VCU_2.VCU_DCDCstCtrlReq,"{Disabled/Startup, Enabled}",2,1,5.968,仅时间相邻；需重复工况验证因果
net,present,env_1_Design/power/InPort/MC_motor_Torque_AND_speed.MC_busbar_current,min=6.82918e-109; max=0.020941; distinct=552,29,env_1_Design/VCU/OutPort/GW_VCU_2.VCU_DCDCTarVolt,"{0, 13.5}",2,1,5.968,仅时间相邻；需重复工况验证因果
net,present,env_1_Design/power/InPort/MC_motor_Torque_AND_speed.MC_busbar_current,min=6.82918e-109; max=0.020941; distinct=552,29,env_1_Design/VCU/OutPort/GW_VCU_2.VCU_DCDCstCtrlReq.raw,"{0, 1}",2,1,5.968,仅时间相邻；需重复工况验证因果
net,present,env_1_Design/power/InPort/MC_motor_Torque_AND_speed.MC_busbar_current,min=6.82918e-109; max=0.020941; distinct=552,29,env_1_Design/VCU/OutPort/GW_VCU_2.VCU_DCDCTarVolt.raw,"{0, 135}",2,1,5.968,仅时间相邻；需重复工况验证因果
net,present,env_1_Design/power/InPort/MC_motor_Torque_AND_speed.MC_busbar_current,min=6.82918e-109; max=0.020941; distinct=552,29,env_1_Design/VCU/OutPort/GW_BMS_1.BMS_BattDisconnectWLS,"{Lamp OFF/Startup/Default, Lamp ON}",2,1,2.830,仅时间相邻；需重复工况验证因果
net,present,env_1_Design/power/InPort/MC_motor_Torque_AND_speed.MC_busbar_current,min=6.82918e-109; max=0.020941; distinct=552,29,env_1_Design/VCU/OutPort/GW_BMS_1.BMS_BattDisconnectWLS.raw,"{0, 1}",2,1,2.830,仅时间相邻；需重复工况验证因果
net,present,env_1_Design/power/InPort/MC_motor_Torque_AND_speed.MC_busbar_current,min=6.82918e-109; max=0.020941; distinct=552,29,env_1_Design/power/OutPort/VCU_BMS_Ctrl.VCU_BMS_target_state,"{HV_OK, LV_will_Poweroff, Precharge, Standby}",4,2,"2.139, 2.739",仅时间相邻；需重复工况验证因果
net,present,env_1_Design/power/InPort/MC_motor_Torque_AND_speed.MC_busbar_current,min=6.82918e-109; max=0.020941; distinct=552,29,env_1_Design/power/OutPort/VCU_BMS_Ctrl.VCU_charge_relay_control,"{All_Open, Inactive}",1,1,2.139,仅时间相邻；需重复工况验证因果
net,present,env_1_Design/power/InPort/MC_motor_Torque_AND_speed.MC_busbar_current,min=6.82918e-109; max=0.020941; distinct=552,29,env_1_Design/power/OutPort/VCU_BMS_Ctrl.VCU_Discharge_relay_control,"{All_Open, Main_Negtive_Relay_Close, Main_Negtive_Relay_Close__Prech, _Main_Negtive_Relay_Close_Main_}",5,3,"2.139, 2.339, 2.739",仅时间相邻；需重复工况验证因果
net,present,env_1_Design/power/InPort/MC_motor_Torque_AND_speed.MC_busbar_current,min=6.82918e-109; max=0.020941; distinct=552,29,env_1_Design/power/OutPort/VCU_BMS_Ctrl.VCU_BMS_target_state.raw,"{2, 3, 4, 7}",4,2,"2.139, 2.739",仅时间相邻；需重复工况验证因果
net,present,env_1_Design/power/InPort/MC_motor_Torque_AND_speed.MC_busbar_current,min=6.82918e-109; max=0.020941; distinct=552,29,env_1_Design/power/OutPort/VCU_BMS_Ctrl.VCU_charge_relay_control.raw,"{0, 7}",1,1,2.139,仅时间相邻；需重复工况验证因果
net,present,env_1_Design/power/InPort/MC_motor_Torque_AND_speed.MC_busbar_current,min=6.82918e-109; max=0.020941; distinct=552,29,env_1_Design/power/OutPort/VCU_BMS_Ctrl.VCU_Discharge_relay_control.raw,"{0, 1, 2, 4}",5,3,"2.139, 2.339, 2.739",仅时间相邻；需重复工况验证因果
net,present,env_1_Design/power/InPort/MC_motor_Torque_AND_speed.MC_busbar_current,min=6.82918e-109; max=0.020941; distinct=552,29,env_1_Design/power/OutPort/VCU_Geaeral_CAN1.VCU_BMSVCC_state,"{relay_closed, relay_open}",1,1,2.139,仅时间相邻；需重复工况验证因果
net,present,env_1_Design/power/InPort/MC_motor_Torque_AND_speed.MC_busbar_current,min=6.82918e-109; max=0.020941; distinct=552,29,env_1_Design/power/OutPort/VCU_Geaeral_CAN1.VCU_BrakePedal_position,"{0, 100}",2,1,1.939,仅时间相邻；需重复工况验证因果
net,present,env_1_Design/power/InPort/MC_motor_Torque_AND_speed.MC_busbar_current,min=6.82918e-109; max=0.020941; distinct=552,29,env_1_Design/power/OutPort/VCU_Geaeral_CAN1.VCU_Key_Position,"{OFF, ON}",1,1,2.139,仅时间相邻；需重复工况验证因果
net,present,env_1_Design/power/InPort/MC_motor_Torque_AND_speed.MC_busbar_current,min=6.82918e-109; max=0.020941; distinct=552,29,env_1_Design/power/OutPort/VCU_Geaeral_CAN1.VCU_MCVCC_state,"{relay_closed, relay_open}",1,1,2.139,仅时间相邻；需重复工况验证因果
net,present,env_1_Design/power/InPort/MC_motor_Torque_AND_speed.MC_busbar_current,min=6.82918e-109; max=0.020941; distinct=552,29,env_1_Design/power/OutPort/VCU_Geaeral_CAN1.VCU_OBCVCC_state,"{relay_closed, relay_open}",1,1,2.139,仅时间相邻；需重复工况验证因果
net,present,env_1_Design/power/InPort/MC_motor_Torque_AND_speed.MC_busbar_current,min=6.82918e-109; max=0.020941; distinct=552,29,env_1_Design/power/OutPort/VCU_Geaeral_CAN1.VCU_Vehicle_status,"{HV_OK, LV_will_Poweroff, Precharge, Standby}",4,2,"2.139, 2.739",仅时间相邻；需重复工况验证因果
net,present,env_1_Design/power/InPort/MC_motor_Torque_AND_speed.MC_busbar_current,min=6.82918e-109; max=0.020941; distinct=552,29,env_1_Design/power/OutPort/VCU_Geaeral_CAN1.VCU_BMSVCC_state.raw,"{0, 1}",1,1,2.139,仅时间相邻；需重复工况验证因果
net,present,env_1_Design/power/InPort/MC_motor_Torque_AND_speed.MC_busbar_current,min=6.82918e-109; max=0.020941; distinct=552,29,env_1_Design/power/OutPort/VCU_Geaeral_CAN1.VCU_BrakePedal_position.raw,"{0, 100}",2,1,1.939,仅时间相邻；需重复工况验证因果
net,present,env_1_Design/power/InPort/MC_motor_Torque_AND_speed.MC_busbar_current,min=6.82918e-109; max=0.020941; distinct=552,29,env_1_Design/power/OutPort/VCU_Geaeral_CAN1.VCU_Key_Position.raw,"{0, 2}",1,1,2.139,仅时间相邻；需重复工况验证因果
net,present,env_1_Design/power/InPort/MC_motor_Torque_AND_speed.MC_busbar_current,min=6.82918e-109; max=0.020941; distinct=552,29,env_1_Design/power/OutPort/VCU_Geaeral_CAN1.VCU_MCVCC_state.raw,"{0, 1}",1,1,2.139,仅时间相邻；需重复工况验证因果
net,present,env_1_Design/power/InPort/MC_motor_Torque_AND_speed.MC_busbar_current,min=6.82918e-109; max=0.020941; distinct=552,29,env_1_Design/power/OutPort/VCU_Geaeral_CAN1.VCU_OBCVCC_state.raw,"{0, 1}",1,1,2.139,仅时间相邻；需重复工况验证因果
net,present,env_1_Design/power/InPort/MC_motor_Torque_AND_speed.MC_busbar_current,min=6.82918e-109; max=0.020941; distinct=552,29,env_1_Design/power/OutPort/VCU_Geaeral_CAN1.VCU_Vehicle_status.raw,"{2, 3, 4, 7}",4,2,"2.139, 2.739",仅时间相邻；需重复工况验证因果
net,present,env_1_Design/power/InPort/MC_motor_Torque_AND_speed.MC_busbar_current,min=6.82918e-109; max=0.020941; distinct=552,29,env_1_Design/power/OutPort/VCU_MC_TrqCtrl.VCU_MC_target_state,"{HV_OK, LV_will_Poweroff, Precharge, Standby}",4,2,"2.139, 2.739",仅时间相邻；需重复工况验证因果
net,present,env_1_Design/power/InPort/MC_motor_Torque_AND_speed.MC_busbar_current,min=6.82918e-109; max=0.020941; distinct=552,29,env_1_Design/power/OutPort/VCU_MC_TrqCtrl.VCU_MC_target_state.raw,"{2, 3, 4, 7}",4,2,"2.139, 2.739",仅时间相邻；需重复工况验证因果
net,present,env_1_Design/power/InPort/MC_motor_Torque_AND_speed.MC_busbar_Voltage,min=0; max=397.816; distinct=40,20,env_1_Design/VCU/OutPort/GW_ABS_1.VehicleSpeedVSOSig,"{0, 0.125, 0.875, 1.375, 1.6875, 1.75, 1.8125, 1.875}",7,3,"2.306, 2.506, 2.706",仅时间相邻；需重复工况验证因果
net,present,env_1_Design/power/InPort/MC_motor_Torque_AND_speed.MC_busbar_Voltage,min=0; max=397.816; distinct=40,20,env_1_Design/VCU/OutPort/GW_ABS_1.VehicleSpeedVSOSig.raw,"{0, 2, 14, 22, 27, 28, 29, 30}",7,3,"2.306, 2.506, 2.706",仅时间相邻；需重复工况验证因果
net,present,env_1_Design/power/InPort/MC_motor_Torque_AND_speed.MC_busbar_Voltage,min=0; max=397.816; distinct=40,20,env_1_Design/VCU/OutPort/GW_ABS_G.VehicleSpeedVSOSig,"{0, 0.125, 0.875, 1.375, 1.6875, 1.75, 1.8125, 1.875}",7,3,"2.306, 2.506, 2.706",仅时间相邻；需重复工况验证因果
net,present,env_1_Design/power/InPort/MC_motor_Torque_AND_speed.MC_busbar_Voltage,min=0; max=397.816; distinct=40,20,env_1_Design/VCU/OutPort/GW_ABS_G.VehicleSpeedVSOSig.raw,"{0, 2, 14, 22, 27, 28, 29, 30}",7,3,"2.306, 2.506, 2.706",仅时间相邻；需重复工况验证因果
net,present,env_1_Design/power/InPort/MC_motor_Torque_AND_speed.MC_busbar_Voltage,min=0; max=397.816; distinct=40,20,env_1_Design/VCU/OutPort/GW_MCU_1.MCU_MotorSpeed,min=0; max=150; distinct=17,17,5,"2.368, 2.568, 2.768, 2.968, 3.368",仅时间相邻；需重复工况验证因果
net,present,env_1_Design/power/InPort/MC_motor_Torque_AND_speed.MC_busbar_Voltage,min=0; max=397.816; distinct=40,20,env_1_Design/VCU/OutPort/GW_MCU_1.MCU_SpeedVechile,"{0, 0.5, 1, 1.5, 1.7, 1.8}",5,3,"2.368, 2.568, 2.768",仅时间相邻；需重复工况验证因果
net,present,env_1_Design/power/InPort/MC_motor_Torque_AND_speed.MC_busbar_Voltage,min=0; max=397.816; distinct=40,20,env_1_Design/VCU/OutPort/GW_MCU_1.MCU_MotorSpeed.raw,min=20000; max=20150; distinct=17,17,5,"2.368, 2.568, 2.768, 2.968, 3.368",仅时间相邻；需重复工况验证因果
net,present,env_1_Design/power/InPort/MC_motor_Torque_AND_speed.MC_busbar_Voltage,min=0; max=397.816; distinct=40,20,env_1_Design/VCU/OutPort/GW_MCU_1.MCU_SpeedVechile.raw,"{2000, 2005, 2010, 2015, 2017, 2018}",5,3,"2.368, 2.568, 2.768",仅时间相邻；需重复工况验证因果
net,present,env_1_Design/power/InPort/MC_motor_Torque_AND_speed.MC_busbar_Voltage,min=0; max=397.816; distinct=40,20,env_1_Design/VCU/OutPort/GW_VCU_1.VCU_bBrakeSt,"{Braking, Not braking}",2,1,6.368,仅时间相邻；需重复工况验证因果
net,present,env_1_Design/power/InPort/MC_motor_Torque_AND_speed.MC_busbar_Voltage,min=0; max=397.816; distinct=40,20,env_1_Design/VCU/OutPort/GW_VCU_1.VCU_bReadyLightSts,"{Lamp OFF/Startup/Default, Lamp ON}",2,1,2.968,仅时间相邻；需重复工况验证因果
net,present,env_1_Design/power/InPort/MC_motor_Torque_AND_speed.MC_busbar_Voltage,min=0; max=397.816; distinct=40,20,env_1_Design/VCU/OutPort/GW_VCU_1.VCU_VehicleSpeedVSOSig,"{0, 0.5, 1, 1.5, 1.6875, 1.75, 1.8125, 1.875}",7,3,"2.368, 2.568, 2.768",仅时间相邻；需重复工况验证因果
net,present,env_1_Design/power/InPort/MC_motor_Torque_AND_speed.MC_busbar_Voltage,min=0; max=397.816; distinct=40,20,env_1_Design/VCU/OutPort/GW_VCU_1.VCU_bBrakeSt.raw,"{0, 1}",2,1,6.368,仅时间相邻；需重复工况验证因果
net,present,env_1_Design/power/InPort/MC_motor_Torque_AND_speed.MC_busbar_Voltage,min=0; max=397.816; distinct=40,20,env_1_Design/VCU/OutPort/GW_VCU_1.VCU_bReadyLightSts.raw,"{0, 1}",2,1,2.968,仅时间相邻；需重复工况验证因果
net,present,env_1_Design/power/InPort/MC_motor_Torque_AND_speed.MC_busbar_Voltage,min=0; max=397.816; distinct=40,20,env_1_Design/VCU/OutPort/GW_VCU_1.VCU_VehicleSpeedVSOSig.raw,"{0, 8, 16, 24, 27, 28, 29, 30}",7,3,"2.368, 2.568, 2.768",仅时间相邻；需重复工况验证因果
net,present,env_1_Design/power/InPort/MC_motor_Torque_AND_speed.MC_busbar_Voltage,min=0; max=397.816; distinct=40,20,env_1_Design/VCU/OutPort/GW_VCU_2.VCU_DCDCstCtrlReq,"{Disabled/Startup, Enabled}",2,1,5.968,仅时间相邻；需重复工况验证因果
net,present,env_1_Design/power/InPort/MC_motor_Torque_AND_speed.MC_busbar_Voltage,min=0; max=397.816; distinct=40,20,env_1_Design/VCU/OutPort/GW_VCU_2.VCU_DCDCTarVolt,"{0, 13.5}",2,1,5.968,仅时间相邻；需重复工况验证因果
net,present,env_1_Design/power/InPort/MC_motor_Torque_AND_speed.MC_busbar_Voltage,min=0; max=397.816; distinct=40,20,env_1_Design/VCU/OutPort/GW_VCU_2.VCU_DCDCstCtrlReq.raw,"{0, 1}",2,1,5.968,仅时间相邻；需重复工况验证因果
net,present,env_1_Design/power/InPort/MC_motor_Torque_AND_speed.MC_busbar_Voltage,min=0; max=397.816; distinct=40,20,env_1_Design/VCU/OutPort/GW_VCU_2.VCU_DCDCTarVolt.raw,"{0, 135}",2,1,5.968,仅时间相邻；需重复工况验证因果
net,present,env_1_Design/power/InPort/MC_motor_Torque_AND_speed.MC_busbar_Voltage,min=0; max=397.816; distinct=40,20,env_1_Design/VCU/OutPort/GW_BMS_1.BMS_BattDisconnectWLS,"{Lamp OFF/Startup/Default, Lamp ON}",2,1,2.830,仅时间相邻；需重复工况验证因果
net,present,env_1_Design/power/InPort/MC_motor_Torque_AND_speed.MC_busbar_Voltage,min=0; max=397.816; distinct=40,20,env_1_Design/VCU/OutPort/GW_BMS_1.BMS_BattDisconnectWLS.raw,"{0, 1}",2,1,2.830,仅时间相邻；需重复工况验证因果
net,present,env_1_Design/power/InPort/MC_motor_Torque_AND_speed.MC_busbar_Voltage,min=0; max=397.816; distinct=40,20,env_1_Design/power/OutPort/VCU_BMS_Ctrl.VCU_BMS_target_state,"{HV_OK, LV_will_Poweroff, Precharge, Standby}",4,1,2.739,仅时间相邻；需重复工况验证因果
net,present,env_1_Design/power/InPort/MC_motor_Torque_AND_speed.MC_busbar_Voltage,min=0; max=397.816; distinct=40,20,env_1_Design/power/OutPort/VCU_BMS_Ctrl.VCU_Discharge_relay_control,"{All_Open, Main_Negtive_Relay_Close, Main_Negtive_Relay_Close__Prech, _Main_Negtive_Relay_Close_Main_}",5,2,"2.339, 2.739",仅时间相邻；需重复工况验证因果
net,present,env_1_Design/power/InPort/MC_motor_Torque_AND_speed.MC_busbar_Voltage,min=0; max=397.816; distinct=40,20,env_1_Design/power/OutPort/VCU_BMS_Ctrl.VCU_BMS_target_state.raw,"{2, 3, 4, 7}",4,1,2.739,仅时间相邻；需重复工况验证因果
net,present,env_1_Design/power/InPort/MC_motor_Torque_AND_speed.MC_busbar_Voltage,min=0; max=397.816; distinct=40,20,env_1_Design/power/OutPort/VCU_BMS_Ctrl.VCU_Discharge_relay_control.raw,"{0, 1, 2, 4}",5,2,"2.339, 2.739",仅时间相邻；需重复工况验证因果
net,present,env_1_Design/power/InPort/MC_motor_Torque_AND_speed.MC_busbar_Voltage,min=0; max=397.816; distinct=40,20,env_1_Design/power/OutPort/VCU_Geaeral_CAN1.VCU_BrakePedal_position,"{0, 100}",2,1,6.339,仅时间相邻；需重复工况验证因果
net,present,env_1_Design/power/InPort/MC_motor_Torque_AND_speed.MC_busbar_Voltage,min=0; max=397.816; distinct=40,20,env_1_Design/power/OutPort/VCU_Geaeral_CAN1.VCU_Vehicle_status,"{HV_OK, LV_will_Poweroff, Precharge, Standby}",4,1,2.739,仅时间相邻；需重复工况验证因果
net,present,env_1_Design/power/InPort/MC_motor_Torque_AND_speed.MC_busbar_Voltage,min=0; max=397.816; distinct=40,20,env_1_Design/power/OutPort/VCU_Geaeral_CAN1.VCU_BrakePedal_position.raw,"{0, 100}",2,1,6.339,仅时间相邻；需重复工况验证因果
net,present,env_1_Design/power/InPort/MC_motor_Torque_AND_speed.MC_busbar_Voltage,min=0; max=397.816; distinct=40,20,env_1_Design/power/OutPort/VCU_Geaeral_CAN1.VCU_Vehicle_status.raw,"{2, 3, 4, 7}",4,1,2.739,仅时间相邻；需重复工况验证因果
net,present,env_1_Design/power/InPort/MC_motor_Torque_AND_speed.MC_busbar_Voltage,min=0; max=397.816; distinct=40,20,env_1_Design/power/OutPort/VCU_MC_TrqCtrl.VCU_MC_target_state,"{HV_OK, LV_will_Poweroff, Precharge, Standby}",4,1,2.739,仅时间相邻；需重复工况验证因果
net,present,env_1_Design/power/InPort/MC_motor_Torque_AND_speed.MC_busbar_Voltage,min=0; max=397.816; distinct=40,20,env_1_Design/power/OutPort/VCU_MC_TrqCtrl.VCU_MC_target_state.raw,"{2, 3, 4, 7}",4,1,2.739,仅时间相邻；需重复工况验证因果
